Title; Author; Narrator; Publisher; Genre; ASIN; Year Of Release;Length;Total Sales

The Rabbit Who Wants to Fall Asleep: A New Way of Getting Children to Sleep; Carl-Johan Forssén Ehrlin; Monte Reid; Ehrlin Förlag;Children's Books; B00IGNSESI; 2014; 31 minutes; 52774
Chestnut Street; Maeve Binchy;  Kate Binchy; Orion Publishing Group;Literary Fiction; B00JEULL4G; 2014; 749 minutes; 45882
Grey: Fifty Shades of Grey as told by Christian Grey;  E L James;  Zachary Webber; Random House Audiobooks; Romance; B00ZJ38Q2W; 2015; 1132 minutes; 38733
Proof of Heaven; Dr Eben Alexander; Dr Eben Alexander; Hachette Audio UK;Mind, Body & Spirit; B00R921CZY;2015;313 minutes; 2044
A History of Britain, Volume 1: At the Edge of the World, 3000 BC - AD 1603;  Simon Schama;  Timothy West; Audible Studios;History; B002SQ3RJU; 2005;482 minutes; 68827
Ross Poldark: Poldark, Book 1; Winston Graham ; Oliver J. Hembrough; Pan Macmillan Publishers Ltd.;Historical Fiction; B00UTYF2RS;2015; 872 minutes; 94039
The Silk Roads: A New History of the World;  Peter Frankopan ; Laurence Kennedy ; Audible Studios for Bloomsbury;History; B0119VB8Z4;2015; 1454 minutes; 20934
Splinter the Silence: Tony Hill/Carol Jordan, Book 9; Val McDermid;Saul Reichlin ;Whole Story Audiobooks; Crime, Thrillers & Mystery ; B01577JUDI; 2015; 767 minutes; 46106
Sweet Caress: The Many Lives of Amory Clay;  William Boyd ; Jilly Bond ;Whole Story AudioBooks; Historical Fiction; B014LBI96K; 2015; 909 minutes; 24106
The Fry Chronicles: An Autobiography; Stephen Fry;Stephen Fry;Penguin Books Ltd ;Biographies & Memoirs ; B0042TKNKC; 2010; 748 minutes; 86821
ME ME ME;Charlotte Crosby;Charlie Sanderson;Headline Digital; Biographies & Memoirs; B011CZG52S; 2015;383 minutes; 36204
Trigger Mortis: A James Bond Novel ; Anthony Horowitz ;David Oyelowo;Orion Publishing Group ;Fiction; B00YSZAU76; 2015;578 minutes; 91080