Title; Author; Publisher; Genre; ISBN-10; Year Of Publication; Number Of Pages; Total Sales

Everyday Super Food; Jamie Oliver ; Michael Joseph ;Food & Drink; 0718181239; 2015; 312; 71140
My Story;  Steven Gerrard; Penguin; Biography ; 1405923385;2015;496; 77231
The Girl on the Train; Paula Hawkins; Doubleday ;Crime, Thrillers & Mystery; 0857522310; 2015; 320; 57168
Gone Girl; Gillian Flynn ; W&N;Crime, Thrillers & Mystery ; 1780228228; 2014; 512; 97231
Username: Evie; Joe Sugg; Hodder & Stoughton ;Comics & Graphic Novels; 1473619130; 2015 ; 192; 16323
The Shepherd's Crown; Terry Pratchett; Doubleday Childrens; Science Fiction & Fantasy ; 0857534815; 2015; 352; 88316
Deliciously Ella: Awesome ingredients, incredible food that you and your body will love; Ella Woodward; Yellow Kite ;Food & Drink ; 1444795007; 2015; 256; 42586
The official highway code; Driver and Vehicle Standards Agency; Stationery Office;  Business, Finance & Law; 0115533427; 2015; 152; 13204
Harry Potter Colouring Book;  Warner Brothers; Studio Press ;Science Fiction & Fantasy; 1783705485; 2015; 96; 9167
Guinness World Records 2016; Guinness World Records ; Guinness World Records Limited; Almanacs & Yearbooks; 1910561010; 2015; 256; 79918
The Great Gatsby;  F. Scott Fitzgerald; Wordsworth Editions;Classics ; 185326041X; 1992; 144; 60038