Title; Author; Publisher; Genre; ASIN; Year Of Publication;Word Count; Total Sales

Make Me: (Jack Reacher 20);Lee Child; Transworld Digital; Crime, Thriller & Mystery; B00QDGVGF8; 2015; 144282; 19745
My Sister's Secret; Tracy Buchanan; Avon;Crime, Thriller & Mystery; B00YGCMQP0; 2015; 117294; 21453
As the Crow Flies (The DI Nick Dixon Crime Series Book 1) ; Damien Boyd; Thomas & Mercer;Crime, Thriller & Mystery; B00MAOW6JM; 2015; 59858; 39413
After Anna; Alex Lake; Killer Reads; Crime, Thriller & Mystery ; B00X39J056; 2015; 138400; 26677
The Girl on the Train;Paula Hawkins; Transworld Digital; Crime, Thriller & Mystery; B00NOPQU2K; 2015; 83148; 57420
Head in the Sand (The DI Nick Dixon Crime Series Book 2);Damien Boyd; Thomas & Mercer;Crime, Thriller & Mystery ; B00MAOW6NS; 2015; 72314; 34940
The Signature of All Things ;Elizabeth Gilbert; Bloomsbury Publishing; Contemporary Fiction; B00BXI0IHS; 2013; 204832; 15644
The Back Road;Rachel Abbott; Black Dot Publishing Ltd;Crime, Thriller & Mystery; B00BP8JQ9M;2013; 117834; 32976
Swansong (The DI Nick Dixon Crime Series Book 4);Damien Boyd; Thomas & Mercer;Crime, Thriller & Mystery; B00OVD4EA4; 2015; 99994; 33598
Mr Mac and Me;Esther Freud; Bloomsbury Publishing;Contemporary Fiction; B00MTKCY8K; 2014; 105530; 26259
Kickback (The DI Nick Dixon Crime Series Book 3); Damien Boyd; Thomas & Mercer;Crime, Thriller & Mystery ; B00MAOW7CS; 2015; 77850; 32356